date,area1,area2,area3,area4,area5,area6
2020-01-01,65,18,50,2,32,91
2020-01-02,69,94,87,52,45,58
2020-01-03,90,3,54,76,21,2
2020-01-04,67,1,62,26,85,10
2020-01-05,90,29,28,40,27,48
2020-01-06,2,8,21,58,95,63
2020-01-07,71,18,45,50,67,65
2020-01-08,76,28,75,97,4,18
2020-01-09,88,50,55,73,50,83
2020-01-10,35,94,25,41,40,67
2020-01-11,99,93,48,96,50,4
2020-01-12,26,59,17,24,18,78
2020-01-13,55,78,8,36,4,74
2020-01-14,26,38,38,20,61,69
2020-01-15,34,10,4,73,40,22
2020-01-16,70,33,10,98,27,61
2020-01-17,4,6,48,20,1,11
2020-01-18,10,21,84,74,8,6
2020-01-19,91,18,91,70,86,40
2020-01-20,48,67,95,76,36,87
2020-01-21,50,55,15,65,22,86
2020-01-22,29,17,1,16,13,42
2020-01-23,15,50,48,34,72,83
2020-01-24,56,84,45,97,84,61
2020-01-25,14,26,71,29,61,63
2020-01-26,8,49,57,33,36,96
2020-01-27,52,92,32,13,91,76
2020-01-28,16,76,16,93,36,94
2020-01-29,13,94,35,30,15,31
2020-01-30,14,53,69,60,99,63
2020-01-31,90,43,99,7,1,77
2020-02-01,83,99,64,51,1,93
2020-02-02,18,70,24,45,48,89
2020-02-03,50,93,18,92,89,67
2020-02-04,54,39,0,51,19,14
2020-02-05,97,34,10,1,0,20
2020-02-06,49,67,71,33,16,38
2020-02-07,29,47,45,55,24,8
2020-02-08,44,34,50,51,17,50
2020-02-09,54,21,22,80,77,98
2020-02-10,66,29,81,75,98,91
2020-02-11,70,41,47,93,73,8
2020-02-12,80,73,33,75,15,43
2020-02-13,23,3,20,9,28,43
2020-02-14,14,24,14,56,8,60
2020-02-15,77,17,22,65,43,55
2020-02-16,67,79,86,76,58,10
2020-02-17,79,35,46,39,100,67
2020-02-18,74,97,86,94,52,66
2020-02-19,1,18,90,41,84,14
2020-02-20,84,20,51,98,63,25
2020-02-21,17,16,18,65,44,87
2020-02-22,82,71,48,89,33,80
2020-02-23,87,79,53,49,8,97
2020-02-24,66,55,91,33,27,96
2020-02-25,87,45,61,33,28,100
2020-02-26,44,0,44,33,0,41
2020-02-27,56,27,83,54,59,20
2020-02-28,82,46,2,53,62,33
2020-02-29,17,30,22,59,13,12
2020-03-01,45,100,67,24,75,46
2020-03-02,96,93,82,99,4,49
2020-03-03,65,77,92,84,8,79
2020-03-04,18,25,27,56,69,77
2020-03-05,50,97,74,69,32,73
2020-03-06,56,60,8,29,37,70
2020-03-07,73,47,59,30,21,37
2020-03-08,70,89,77,67,41,84
2020-03-09,94,37,13,50,47,62
2020-03-10,63,76,72,94,32,64
2020-03-11,98,87,6,30,17,71
2020-03-12,65,18,85,12,13,42
2020-03-13,38,28,26,4,54,75
2020-03-14,45,65,67,72,11,90
2020-03-15,77,24,44,29,23,7
2020-03-16,7,76,100,22,41,8
2020-03-17,75,63,6,82,21,62
2020-03-18,11,3,7,62,67,24
2020-03-19,66,83,92,61,10,2
2020-03-20,68,100,30,86,45,52
2020-03-21,64,80,6,33,53,75
2020-03-22,87,21,95,77,20,68
2020-03-23,15,21,10,51,86,19
2020-03-24,71,60,12,59,11,95
2020-03-25,29,94,88,19,8,45
2020-03-26,86,86,27,68,32,61
2020-03-27,3,18,52,21,94,80
2020-03-28,87,41,52,44,42,94
2020-03-29,50,25,59,91,64,56
2020-03-30,65,12,35,71,29,68
2020-03-31,63,28,70,91,79,47
2020-04-01,16,20,31,45,22,92
2020-04-02,19,86,55,72,13,61
2020-04-03,62,77,60,93,72,13
2020-04-04,9,71,27,51,67,98
2020-04-05,26,66,11,34,71,45
2020-04-06,88,0,49,74,74,80
2020-04-07,83,61,73,40,64,32
2020-04-08,0,8,61,81,32,4
2020-04-09,74,35,1,52,48,37
2020-04-10,24,24,12,61,72,44
2020-04-11,84,68,42,83,41,11
2020-04-12,96,8,72,31,2,7
2020-04-13,47,6,92,47,56,72
2020-04-14,79,21,78,17,38,39
2020-04-15,99,22,33,42,83,0
2020-04-16,50,2,36,55,63,76
2020-04-17,19,65,79,47,50,92
2020-04-18,27,60,35,13,95,53
2020-04-19,70,6,96,92,26,83
2020-04-20,25,38,8,39,37,7
2020-04-21,68,57,15,44,21,90
2020-04-22,64,21,4,74,90,40
2020-04-23,64,46,67,4,86,84
2020-04-24,42,31,40,1,13,97
2020-04-25,27,11,88,71,73,31
2020-04-26,16,1,48,98,10,86
2020-04-27,20,53,63,93,53,34
2020-04-28,52,54,26,47,23,35
2020-04-29,80,86,86,96,79,35
2020-04-30,7,8,55,26,92,38
2020-05-01,19,56,1,71,74,18
2020-05-02,7,71,67,49,22,52
2020-05-03,86,75,26,31,92,96
2020-05-04,91,31,79,29,99,37
2020-05-05,80,87,96,33,7,67
2020-05-06,53,14,100,77,62,37
2020-05-07,21,48,5,90,17,7
2020-05-08,56,78,63,59,35,94
2020-05-09,22,2,50,59,45,19
2020-05-10,71,86,48,89,17,36
2020-05-11,46,43,60,53,44,26
2020-05-12,64,46,82,82,32,77
2020-05-13,58,19,28,10,45,86
2020-05-14,68,51,82,68,11,19
2020-05-15,81,51,12,82,1,87
2020-05-16,72,12,6,94,27,39
2020-05-17,54,36,50,89,41,31
2020-05-18,16,86,60,9,83,99
2020-05-19,7,71,11,72,97,27
2020-05-20,5,99,98,59,72,48
2020-05-21,81,29,100,11,61,19
2020-05-22,38,17,62,48,72,8
2020-05-23,64,20,4,47,86,42
2020-05-24,64,72,43,23,75,12
2020-05-25,69,39,15,77,29,51
2020-05-26,0,93,65,0,77,55
2020-05-27,76,35,21,47,100,78
2020-05-28,50,58,23,60,83,58
2020-05-29,29,86,10,47,48,15
2020-05-30,11,39,13,77,45,85
2020-05-31,54,80,55,13,64,22
2020-06-01,92,30,49,46,51,73
2020-06-02,39,71,25,64,59,78
2020-06-03,7,16,75,26,94,46
2020-06-04,46,42,5,62,77,69
2020-06-05,9,100,16,81,78,41
2020-06-06,14,74,4,21,6,28
2020-06-07,65,39,53,48,47,37
2020-06-08,95,25,86,50,90,18
2020-06-09,93,12,69,14,53,86
2020-06-10,58,60,15,10,7,11
2020-06-11,94,18,21,37,22,25
2020-06-12,83,4,32,30,0,57
2020-06-13,6,37,79,15,5,30
2020-06-14,96,7,34,16,17,40
2020-06-15,91,5,69,17,64,93
2020-06-16,6,100,84,23,18,43
2020-06-17,42,77,92,82,70,2
2020-06-18,59,48,75,94,7,80
2020-06-19,100,5,68,96,19,66
2020-06-20,66,89,85,56,47,90
2020-06-21,85,66,36,49,45,49
2020-06-22,57,51,59,86,69,47
2020-06-23,85,35,58,70,52,60
2020-06-24,87,10,29,42,52,45
2020-06-25,17,18,52,21,51,78
2020-06-26,34,11,53,83,7,17
2020-06-27,73,12,97,81,65,24
2020-06-28,20,64,62,72,61,55
2020-06-29,95,87,35,0,45,94
2020-06-30,74,18,20,13,53,90
2020-07-01,88,31,10,22,28,14
2020-07-02,56,60,49,80,36,86
2020-07-03,90,91,97,39,86,72
2020-07-04,75,37,47,25,65,6
2020-07-05,49,19,82,43,31,0
2020-07-06,71,10,45,69,15,75
2020-07-07,51,16,55,62,55,57
2020-07-08,34,63,69,39,33,57
2020-07-09,19,6,0,37,62,71
2020-07-10,41,56,8,49,74,75
2020-07-11,45,62,16,57,11,55
2020-07-12,63,13,55,12,61,62
2020-07-13,4,30,56,39,63,51
2020-07-14,79,57,55,38,44,13
2020-07-15,32,72,88,36,2,23
2020-07-16,33,68,30,79,53,48
2020-07-17,59,64,50,36,26,17
2020-07-18,48,100,54,41,63,34
2020-07-19,68,68,87,40,95,41
2020-07-20,96,41,58,4,16,2
2020-07-21,55,61,55,92,82,81
2020-07-22,3,44,86,66,85,8
2020-07-23,46,30,42,72,26,75
2020-07-24,38,60,18,45,81,59
2020-07-25,30,60,24,24,30,80
2020-07-26,5,71,55,83,76,12
2020-07-27,55,18,45,55,61,4
2020-07-28,96,44,36,91,52,64
2020-07-29,16,90,45,13,26,16
2020-07-30,37,82,93,93,86,96
2020-07-31,90,71,94,31,39,19
2020-08-01,47,8,12,3,22,92
2020-08-02,59,86,61,17,91,80
2020-08-03,64,13,100,25,12,72
2020-08-04,48,29,57,14,38,34
2020-08-05,44,44,83,29,1,84
2020-08-06,11,28,14,80,33,42
2020-08-07,93,92,36,39,33,92
2020-08-08,96,64,24,17,58,69
2020-08-09,84,89,22,5,34,83
2020-08-10,1,97,1,26,75,15
2020-08-11,8,12,47,82,52,31
2020-08-12,90,80,16,35,8,98
2020-08-13,71,61,69,94,77,12
2020-08-14,48,78,5,4,52,62
2020-08-15,52,7,87,5,81,31
2020-08-16,93,20,28,73,84,17
2020-08-17,96,19,61,92,81,86
2020-08-18,94,17,52,42,64,58
2020-08-19,6,4,2,16,50,92
2020-08-20,15,80,55,66,50,36
2020-08-21,67,57,20,72,78,62
2020-08-22,92,32,42,57,15,89
2020-08-23,1,43,23,3,77,31
2020-08-24,3,57,49,26,1,34
2020-08-25,24,58,36,10,90,59
2020-08-26,37,62,65,32,62,3
2020-08-27,24,58,69,50,40,86
2020-08-28,89,66,62,8,38,56
2020-08-29,12,52,97,86,38,0
2020-08-30,33,90,21,5,65,84
2020-08-31,99,16,7,54,82,25
2020-09-01,10,54,55,29,80,69
2020-09-02,72,96,27,30,6,21
2020-09-03,98,95,99,41,93,36
2020-09-04,14,27,55,6,32,60
2020-09-05,35,12,19,33,8,39
2020-09-06,14,52,18,7,93,9
2020-09-07,16,62,33,31,91,66
2020-09-08,47,91,20,19,28,4
2020-09-09,68,73,22,83,27,42
2020-09-10,62,94,40,3,79,66
2020-09-11,61,49,78,44,74,89
2020-09-12,80,71,85,88,59,54
2020-09-13,16,71,95,13,58,95
2020-09-14,18,95,46,73,88,41
2020-09-15,77,92,64,91,5,95
2020-09-16,82,15,82,98,63,62
2020-09-17,31,23,39,7,97,16
2020-09-18,97,96,97,52,47,13
2020-09-19,0,8,42,77,3,85
2020-09-20,34,64,58,42,31,27
2020-09-21,90,58,56,13,35,84
2020-09-22,17,78,44,50,11,40
2020-09-23,24,62,6,100,40,78
2020-09-24,51,87,47,30,73,32
2020-09-25,58,7,16,94,41,41
2020-09-26,53,23,62,33,68,76
2020-09-27,55,24,27,14,48,69
2020-09-28,53,23,1,1,21,97
2020-09-29,35,58,23,39,32,83
2020-09-30,25,40,30,39,100,24
2020-10-01,42,66,98,6,58,82
2020-10-02,98,74,72,43,76,76
2020-10-03,65,99,54,32,4,53
2020-10-04,68,17,16,6,41,28
2020-10-05,65,83,13,57,6,74
2020-10-06,30,34,87,60,88,66
2020-10-07,1,48,34,76,22,78
2020-10-08,99,59,44,79,94,82
2020-10-09,63,38,89,81,8,76
2020-10-10,89,52,92,91,86,90
2020-10-11,25,70,81,80,88,58
2020-10-12,42,83,37,13,10,31
2020-10-13,41,89,54,78,50,41
2020-10-14,94,59,6,26,60,21
2020-10-15,11,52,75,97,0,39
2020-10-16,52,11,90,53,38,19
2020-10-17,79,71,6,82,20,92
2020-10-18,94,34,86,1,100,97
2020-10-19,51,63,17,3,11,5
2020-10-20,50,37,71,45,88,53
2020-10-21,81,68,19,23,60,68
2020-10-22,74,33,26,68,81,68
2020-10-23,46,9,11,87,73,53
2020-10-24,1,96,45,37,5,56
2020-10-25,44,15,32,44,92,43
2020-10-26,21,53,76,39,87,35
2020-10-27,58,42,69,55,19,67
2020-10-28,85,47,21,84,43,64
2020-10-29,31,69,64,31,70,24
2020-10-30,98,74,46,25,70,25
2020-10-31,30,29,76,86,25,80
2020-11-01,35,68,99,34,88,2
2020-11-02,43,66,94,57,62,85
2020-11-03,58,33,92,94,94,22
2020-11-04,62,42,83,10,15,42
2020-11-05,73,57,85,71,11,89
2020-11-06,78,46,10,49,43,1
2020-11-07,43,51,27,40,56,29
2020-11-08,9,45,21,29,6,85
2020-11-09,47,52,42,61,88,92
2020-11-10,73,0,93,49,65,94
2020-11-11,55,50,89,40,91,81
2020-11-12,83,52,39,0,62,11
2020-11-13,8,46,45,48,1,34
2020-11-14,58,74,57,54,37,100
2020-11-15,28,2,21,30,21,20
2020-11-16,60,66,48,10,82,62
2020-11-17,56,35,97,46,39,61
2020-11-18,73,13,25,78,30,35
2020-11-19,86,88,91,16,70,61
2020-11-20,11,36,83,75,47,37
2020-11-21,95,91,27,51,89,29
2020-11-22,37,40,29,34,93,0
2020-11-23,52,87,66,19,97,2
2020-11-24,21,94,15,70,15,59
2020-11-25,37,95,36,7,1,13
2020-11-26,27,63,20,16,32,20
2020-11-27,84,44,7,35,58,62
2020-11-28,96,99,95,57,14,86
2020-11-29,36,87,44,12,43,69
2020-11-30,87,90,91,71,89,56
2020-12-01,2,70,24,37,54,60
2020-12-02,63,4,90,75,34,23
2020-12-03,78,33,28,70,17,96
2020-12-04,66,53,39,68,66,84
2020-12-05,72,76,54,41,73,55
2020-12-06,21,76,97,62,2,94
2020-12-07,86,11,55,18,7,62
2020-12-08,13,3,83,20,3,88
2020-12-09,91,93,70,13,65,72
2020-12-10,21,68,41,80,42,32
2020-12-11,67,6,79,63,47,14
2020-12-12,84,99,3,3,90,48
2020-12-13,42,71,75,79,4,41
2020-12-14,72,16,50,86,74,30
2020-12-15,99,78,77,84,86,29
2020-12-16,83,42,47,55,63,84
2020-12-17,48,49,82,18,50,0
2020-12-18,38,86,40,32,19,36
2020-12-19,5,44,33,4,79,16
2020-12-20,18,27,24,92,17,56
2020-12-21,35,29,16,3,58,42
2020-12-22,69,57,65,91,29,2
2020-12-23,14,87,84,83,98,19
2020-12-24,17,42,71,22,26,57
2020-12-25,57,98,96,3,42,67
2020-12-26,71,41,1,18,17,21
2020-12-27,84,70,62,46,68,37
2020-12-28,37,21,68,31,76,82
2020-12-29,12,98,45,47,96,4
2020-12-30,53,61,93,46,48,100
2020-12-31,26,80,32,16,4,13
2021-01-01,17,31,20,86,17,11
2021-01-02,62,84,17,40,46,72
2021-01-03,29,1,61,81,28,66
2021-01-04,62,21,71,98,8,78
2021-01-05,3,26,16,34,14,8
2021-01-06,35,30,77,86,15,60
2021-01-07,25,21,19,44,35,41
2021-01-08,38,87,38,46,62,74
2021-01-09,55,41,58,54,36,91
2021-01-10,29,84,56,48,73,4
2021-01-11,63,97,19,81,4,80
2021-01-12,33,9,87,45,94,39
2021-01-13,81,32,29,94,97,86
2021-01-14,14,85,97,75,86,19
2021-01-15,72,12,60,19,37,41
2021-01-16,30,66,62,47,33,40
2021-01-17,62,68,42,5,3,63
2021-01-18,54,9,81,0,34,11
2021-01-19,73,19,59,70,45,1
2021-01-20,83,67,14,29,30,34
2021-01-21,31,87,35,13,93,20
2021-01-22,36,71,81,67,21,16
2021-01-23,85,11,36,18,57,80
2021-01-24,42,18,21,3,60,82
2021-01-25,68,18,98,80,26,27
2021-01-26,93,59,29,43,54,21
2021-01-27,59,61,37,14,0,66
2021-01-28,41,23,55,97,49,35
2021-01-29,7,4,96,32,13,56
2021-01-30,22,36,9,70,24,36
2021-01-31,48,100,38,23,29,99
2021-02-01,78,94,76,5,71,22
2021-02-02,52,72,30,38,59,35
2021-02-03,20,44,78,1,44,88
2021-02-04,73,8,76,43,64,75
2021-02-05,35,4,99,35,88,28
2021-02-06,20,83,28,91,95,1
2021-02-07,92,25,87,10,18,7
2021-02-08,58,73,28,83,80,13
2021-02-09,8,41,62,81,12,92
2021-02-10,42,48,55,20,82,3
2021-02-11,0,4,89,23,35,90
2021-02-12,52,50,43,52,11,97
2021-02-13,5,43,95,11,67,57
2021-02-14,89,29,82,12,49,56
2021-02-15,64,78,38,94,100,46
2021-02-16,83,17,52,49,60,73
2021-02-17,14,97,68,35,14,53
2021-02-18,12,100,77,66,27,48
2021-02-19,96,28,94,11,49,54
2021-02-20,31,7,81,84,55,84
2021-02-21,99,20,49,31,39,78
2021-02-22,99,20,79,21,47,71
2021-02-23,16,29,80,80,68,57
2021-02-24,80,89,41,29,10,81
2021-02-25,21,21,65,22,59,62
2021-02-26,4,12,86,60,31,77
2021-02-27,91,33,36,65,49,85
2021-02-28,44,56,64,62,25,31
2021-03-01,40,100,5,80,58,34
2021-03-02,69,23,5,60,45,61
2021-03-03,70,35,64,57,83,9
2021-03-04,4,44,47,23,81,57
2021-03-05,0,41,30,30,29,2
2021-03-06,10,100,41,56,28,39
2021-03-07,38,37,10,6,25,17
2021-03-08,37,73,32,61,40,17
2021-03-09,90,11,68,89,94,73
2021-03-10,85,34,64,58,43,40
2021-03-11,99,62,29,34,36,38
2021-03-12,19,66,100,82,40,92
2021-03-13,29,58,22,47,51,89
2021-03-14,66,33,22,49,44,13
2021-03-15,68,56,62,7,19,56
2021-03-16,70,77,14,5,89,64
2021-03-17,80,45,84,86,23,49
2021-03-18,39,63,84,25,45,53
2021-03-19,53,20,37,13,100,37
2021-03-20,94,94,21,97,93,20
2021-03-21,12,26,79,22,59,54
2021-03-22,55,69,12,66,57,99
2021-03-23,3,17,53,48,3,85
2021-03-24,89,58,51,25,85,82
2021-03-25,68,78,33,69,1,51
2021-03-26,12,77,97,8,74,2
2021-03-27,48,47,100,46,18,63
2021-03-28,36,86,40,33,4,82
2021-03-29,48,30,79,45,29,5
2021-03-30,21,11,5,62,52,52
2021-03-31,13,99,81,14,71,52
2021-04-01,97,30,1,30,92,32
2021-04-02,39,43,54,71,67,29
2021-04-03,52,71,37,100,33,24
2021-04-04,48,58,93,94,20,44
2021-04-05,56,23,70,30,1,99
2021-04-06,53,69,96,7,26,94
2021-04-07,6,20,82,38,48,46
2021-04-08,33,34,1,72,12,93
2021-04-09,93,12,16,35,78,42
2021-04-10,23,60,21,15,23,4
2021-04-11,57,98,79,32,42,3
2021-04-12,81,93,94,74,12,7
2021-04-13,2,33,83,32,61,22
2021-04-14,80,61,94,28,32,33
2021-04-15,61,90,69,26,57,52
2021-04-16,68,100,43,86,20,32
2021-04-17,46,21,27,7,25,75
2021-04-18,35,78,50,61,15,87
2021-04-19,42,26,99,35,5,20
2021-04-20,10,64,29,98,96,83
2021-04-21,61,88,77,76,51,69
2021-04-22,2,38,17,65,70,61
2021-04-23,38,45,92,14,99,6
2021-04-24,5,45,59,55,30,57
2021-04-25,4,63,8,63,21,97
2021-04-26,92,56,51,14,45,26
2021-04-27,49,14,73,34,26,8
2021-04-28,93,21,16,89,53,62
2021-04-29,100,73,56,77,44,17
2021-04-30,12,13,44,7,97,37
2021-05-01,43,49,40,8,89,24
2021-05-02,17,55,78,53,5,84
2021-05-03,49,9,67,53,23,69
2021-05-04,1,89,68,24,24,97
2021-05-05,67,74,64,40,77,100
2021-05-06,67,58,59,39,9,40
2021-05-07,71,88,94,36,16,29
2021-05-08,45,53,13,58,82,18
2021-05-09,88,77,38,45,53,88
2021-05-10,8,57,83,89,88,88
2021-05-11,11,46,76,67,32,50
2021-05-12,10,32,28,30,99,90
2021-05-13,64,32,25,15,67,94
2021-05-14,54,41,56,62,0,40
2021-05-15,71,48,6,3,96,48
2021-05-16,40,100,66,20,75,47
2021-05-17,97,36,48,16,42,6
2021-05-18,86,54,30,98,71,88
2021-05-19,4,28,50,0,78,83
2021-05-20,62,73,57,95,19,21
2021-05-21,95,68,74,42,99,41
2021-05-22,95,85,93,76,4,71
2021-05-23,60,4,36,62,23,99
2021-05-24,61,2,37,34,57,91
2021-05-25,53,54,32,77,9,40
2021-05-26,64,81,71,71,13,0
2021-05-27,38,98,74,29,80,11
2021-05-28,41,20,47,89,81,32
2021-05-29,58,85,95,52,80,37
2021-05-30,100,50,67,44,16,16
2021-05-31,22,79,36,10,21,81
2021-06-01,15,66,91,93,23,67
2021-06-02,27,64,84,53,84,71
2021-06-03,90,23,36,89,21,98
2021-06-04,4,15,28,80,52,99
2021-06-05,82,83,97,73,6,58
2021-06-06,50,15,9,83,54,15
2021-06-07,75,80,94,15,57,51
2021-06-08,14,63,63,37,51,7
2021-06-09,72,80,75,44,21,63
2021-06-10,98,93,92,89,64,21
2021-06-11,1,51,77,43,50,3
2021-06-12,46,73,75,50,29,61
2021-06-13,93,19,72,86,53,23
2021-06-14,62,78,94,10,28,0
2021-06-15,49,9,68,82,83,44
2021-06-16,2,75,98,51,84,58
2021-06-17,16,78,8,4,15,2
2021-06-18,23,74,68,32,13,75
2021-06-19,51,61,53,18,45,1
2021-06-20,44,67,13,41,69,19
2021-06-21,47,35,0,84,52,35
2021-06-22,79,77,38,33,79,53
2021-06-23,68,29,41,54,20,51
2021-06-24,65,69,8,76,0,57
2021-06-25,52,61,14,39,80,83
2021-06-26,31,81,94,66,98,13
2021-06-27,65,83,87,20,49,56
2021-06-28,45,88,48,11,87,98
2021-06-29,47,16,13,86,18,24
2021-06-30,22,80,63,100,80,7
2021-07-01,59,36,41,0,27,87
2021-07-02,42,54,36,55,20,98
2021-07-03,69,17,65,47,6,25
2021-07-04,10,68,27,30,31,98
2021-07-05,56,23,48,16,59,56
2021-07-06,51,92,97,47,35,82
2021-07-07,24,97,32,32,67,57
2021-07-08,44,57,30,47,87,82
2021-07-09,9,93,19,22,17,88
2021-07-10,87,36,7,36,26,48
2021-07-11,38,42,88,88,58,78
2021-07-12,61,81,33,68,45,38
2021-07-13,99,84,52,64,83,53
2021-07-14,20,98,10,80,92,27
2021-07-15,72,71,93,100,51,54
2021-07-16,56,57,16,63,13,12
2021-07-17,82,91,26,93,19,19
2021-07-18,65,18,51,98,41,19
2021-07-19,56,39,100,74,33,76
2021-07-20,31,76,60,27,45,98
2021-07-21,98,4,66,84,49,75
2021-07-22,85,71,11,71,17,96
2021-07-23,10,84,27,61,52,45
2021-07-24,32,46,70,41,60,2
2021-07-25,30,65,4,32,58,62
2021-07-26,83,19,41,2,70,3
2021-07-27,45,78,16,17,52,18
2021-07-28,81,65,19,2,94,48
2021-07-29,32,22,12,49,38,4
2021-07-30,57,98,23,12,81,9
2021-07-31,62,79,70,42,80,85
2021-08-01,85,9,22,67,68,83
2021-08-02,2,43,46,30,11,17
2021-08-03,16,81,62,68,95,1
2021-08-04,3,80,46,56,98,97
2021-08-05,13,31,16,11,81,85
2021-08-06,83,71,30,18,42,82
2021-08-07,69,85,27,62,70,28
2021-08-08,15,23,98,70,85,40
2021-08-09,39,17,45,83,42,16
2021-08-10,96,76,41,80,16,24
2021-08-11,85,33,42,56,90,38
2021-08-12,20,40,63,90,98,38
2021-08-13,5,71,98,36,73,16
2021-08-14,38,85,100,0,40,85
2021-08-15,15,47,66,67,96,65
2021-08-16,18,97,27,87,96,36
2021-08-17,65,27,66,19,85,15
2021-08-18,81,19,56,79,78,85
2021-08-19,77,77,97,27,33,34
2021-08-20,86,75,41,26,6,66
2021-08-21,97,32,21,89,95,41
2021-08-22,45,96,59,89,42,9
2021-08-23,48,24,73,60,100,15
2021-08-24,64,84,22,1,27,35
2021-08-25,41,64,9,41,78,57
2021-08-26,13,21,79,25,14,60
2021-08-27,74,32,23,82,91,98
2021-08-28,33,73,52,15,0,56
2021-08-29,56,74,22,72,86,11
2021-08-30,28,31,11,41,75,0
2021-08-31,30,86,12,93,4,80
2021-09-01,50,51,66,48,88,1
2021-09-02,61,78,79,67,39,80
2021-09-03,81,29,4,12,96,38
2021-09-04,85,80,20,95,83,80
2021-09-05,29,38,78,60,72,69
2021-09-06,39,88,82,68,82,2
2021-09-07,51,48,38,84,77,76
2021-09-08,21,70,46,49,63,44
2021-09-09,92,9,26,83,60,24
2021-09-10,56,81,83,90,22,71
2021-09-11,60,32,49,18,46,82
2021-09-12,44,65,47,89,23,34
2021-09-13,52,98,28,39,26,51
2021-09-14,25,94,31,71,34,46
2021-09-15,77,83,16,84,49,23
2021-09-16,79,66,23,67,6,24
2021-09-17,38,44,64,85,55,4
2021-09-18,10,18,49,73,54,27
2021-09-19,76,6,66,82,1,98
2021-09-20,88,98,34,34,44,89
2021-09-21,72,80,80,11,93,43
2021-09-22,38,58,1,80,59,73
2021-09-23,33,77,50,19,100,100
2021-09-24,10,23,64,5,52,78
2021-09-25,44,78,99,12,62,83
2021-09-26,53,92,54,95,93,33
2021-09-27,5,84,74,68,63,10
2021-09-28,33,28,66,38,81,29
2021-09-29,5,20,15,73,58,35
2021-09-30,4,1,28,76,41,46
2021-10-01,91,83,70,89,76,96
2021-10-02,55,8,24,18,12,89
2021-10-03,7,18,94,20,25,46
2021-10-04,53,34,25,56,54,61
2021-10-05,97,8,76,82,45,12
2021-10-06,13,0,53,80,10,3
2021-10-07,21,45,53,74,33,3
2021-10-08,14,26,73,10,94,17
2021-10-09,34,16,70,87,41,53
2021-10-10,38,55,10,17,15,60
2021-10-11,25,90,28,61,60,71
2021-10-12,49,84,80,21,83,85
2021-10-13,29,42,66,25,48,63
2021-10-14,60,43,61,67,43,25
2021-10-15,27,93,42,85,59,93
2021-10-16,77,41,33,100,20,77
2021-10-17,94,35,72,55,54,79
2021-10-18,61,94,8,4,68,19
2021-10-19,80,47,12,68,66,44
2021-10-20,48,36,99,96,87,53
2021-10-21,1,75,20,18,27,44
2021-10-22,21,99,3,32,20,94
2021-10-23,45,96,61,0,76,25
2021-10-24,97,90,13,59,52,64
2021-10-25,12,46,76,10,5,55
2021-10-26,100,57,18,58,97,94
2021-10-27,84,21,95,84,17,89
2021-10-28,40,45,47,43,74,23
2021-10-29,28,97,21,27,7,37
2021-10-30,2,99,61,46,16,73
2021-10-31,97,93,95,55,94,9
2021-11-01,65,62,83,59,13,58
2021-11-02,44,45,39,94,71,66
2021-11-03,67,5,32,61,22,97
2021-11-04,45,67,100,84,47,5
2021-11-05,63,17,76,58,14,1
2021-11-06,31,16,62,97,40,39
2021-11-07,79,9,57,51,39,89
2021-11-08,48,88,83,55,86,2
2021-11-09,32,87,74,2,30,90
2021-11-10,55,33,72,33,29,83
2021-11-11,24,24,87,95,23,25
2021-11-12,21,33,87,3,9,88
2021-11-13,59,60,70,73,21,36
2021-11-14,12,50,70,93,39,81
2021-11-15,55,98,85,32,85,78
2021-11-16,31,35,20,61,97,52
2021-11-17,76,76,45,41,61,39
2021-11-18,64,76,74,56,50,15
2021-11-19,71,85,10,66,10,97
2021-11-20,59,71,42,81,73,51
2021-11-21,26,84,65,44,89,34
2021-11-22,69,95,70,5,1,70
2021-11-23,35,65,13,24,57,94
2021-11-24,51,53,15,84,15,84
2021-11-25,40,13,90,52,63,31
2021-11-26,24,54,31,33,94,76
2021-11-27,6,3,90,2,35,79
2021-11-28,57,91,72,48,44,53
2021-11-29,42,32,2,21,69,77
2021-11-30,9,35,11,16,60,45
2021-12-01,7,5,85,34,60,17
2021-12-02,86,50,91,9,0,3
2021-12-03,15,97,82,72,7,63
2021-12-04,32,44,33,64,14,85
2021-12-05,80,10,16,15,22,79
2021-12-06,93,8,90,77,98,74
2021-12-07,80,62,0,44,67,53
2021-12-08,5,97,33,58,56,89
2021-12-09,91,30,49,79,19,83
2021-12-10,20,47,81,89,73,91
2021-12-11,64,36,79,22,30,36
2021-12-12,38,84,95,56,23,48
2021-12-13,91,80,86,21,2,95
2021-12-14,90,83,77,24,94,40
2021-12-15,67,8,64,47,45,93
2021-12-16,0,96,46,86,15,44
2021-12-17,72,56,74,66,98,92
2021-12-18,74,11,55,36,1,42
2021-12-19,81,14,15,44,64,37
2021-12-20,62,62,94,46,34,53
2021-12-21,89,11,53,28,26,40
2021-12-22,2,99,97,92,94,95
2021-12-23,10,50,53,21,52,62
2021-12-24,28,20,89,45,1,73
2021-12-25,53,59,15,62,88,73
2021-12-26,73,16,58,19,61,80
2021-12-27,37,25,98,23,75,84
2021-12-28,62,43,71,94,41,4
2021-12-29,61,13,32,71,61,69
2021-12-30,38,30,5,38,98,90
2021-12-31,87,92,66,18,35,71
2022-01-01,84,62,41,21,90,35
2022-01-02,80,45,66,44,20,36
2022-01-03,75,86,24,78,86,62
2022-01-04,39,83,84,15,96,66
2022-01-05,59,89,17,47,22,82
2022-01-06,94,3,13,8,60,59
2022-01-07,88,52,17,26,15,45
2022-01-08,53,53,63,75,2,28
2022-01-09,83,38,69,89,67,12
2022-01-10,68,2,87,89,86,2
2022-01-11,70,8,30,77,69,18
2022-01-12,22,38,67,49,25,24
2022-01-13,16,36,92,90,95,63
2022-01-14,93,88,26,59,82,89
2022-01-15,70,8,74,83,45,89
2022-01-16,9,92,75,50,25,30
2022-01-17,100,3,30,85,34,37
2022-01-18,68,74,12,20,34,97
2022-01-19,97,34,78,64,62,65
2022-01-20,59,6,36,13,72,51
2022-01-21,83,70,1,59,63,89
2022-01-22,55,90,54,56,37,74
2022-01-23,26,25,100,13,95,34
2022-01-24,37,98,23,67,99,55
2022-01-25,29,86,12,30,15,56
2022-01-26,28,15,18,48,83,64
2022-01-27,6,59,91,10,95,21
2022-01-28,25,73,19,68,10,2
2022-01-29,72,23,19,73,34,87
2022-01-30,71,4,7,19,67,73
2022-01-31,85,39,0,55,96,12
2022-02-01,59,35,68,31,52,44
2022-02-02,26,22,81,40,81,54
2022-02-03,39,27,23,97,78,58
2022-02-04,83,98,35,60,37,1
2022-02-05,99,3,62,97,62,96
2022-02-06,96,76,65,42,17,42
2022-02-07,53,48,18,96,32,49
2022-02-08,87,82,36,83,24,2
2022-02-09,26,92,14,76,87,77
2022-02-10,24,22,22,72,22,69
2022-02-11,36,57,99,75,21,97
2022-02-12,77,19,2,53,98,33
2022-02-13,23,44,60,83,29,67
2022-02-14,31,36,78,91,100,92
2022-02-15,10,40,40,81,73,75
2022-02-16,30,7,18,21,17,59
2022-02-17,41,44,77,4,78,49
2022-02-18,82,59,38,16,74,19
2022-02-19,72,92,35,71,83,94
2022-02-20,88,3,4,63,83,67
2022-02-21,50,87,96,9,71,37
2022-02-22,55,23,60,25,94,85
2022-02-23,20,75,30,48,33,19
2022-02-24,55,74,93,46,60,68
2022-02-25,92,28,97,7,93,31
2022-02-26,2,96,43,54,24,8
2022-02-27,39,41,42,1,70,96
2022-02-28,81,43,36,62,74,98
2022-03-01,19,69,45,0,36,86
2022-03-02,52,94,43,48,52,87
2022-03-03,67,50,6,98,15,40
2022-03-04,56,10,32,68,41,95
2022-03-05,87,66,87,42,77,5
2022-03-06,2,90,54,8,21,50
2022-03-07,47,53,63,92,43,74
2022-03-08,1,48,98,77,73,53
2022-03-09,36,81,18,39,66,67
2022-03-10,76,73,77,62,32,6
2022-03-11,72,62,93,90,35,22
2022-03-12,72,93,22,6,43,85
2022-03-13,71,82,91,36,77,7
2022-03-14,17,97,6,57,90,95
2022-03-15,51,66,39,30,74,48
2022-03-16,71,13,98,52,3,69
2022-03-17,76,37,56,82,92,79
2022-03-18,34,97,61,28,74,68
2022-03-19,61,23,48,22,15,52
2022-03-20,78,14,46,98,27,3
2022-03-21,37,10,33,83,99,50
2022-03-22,12,68,61,76,100,67
2022-03-23,85,28,47,73,29,59
2022-03-24,9,29,59,41,33,84
2022-03-25,2,54,81,61,87,99
2022-03-26,28,1,91,31,27,4
2022-03-27,3,40,13,31,35,15
2022-03-28,56,100,71,91,57,84
2022-03-29,79,8,92,8,94,2
2022-03-30,24,29,79,50,18,20
2022-03-31,47,49,58,25,37,29
2022-04-01,42,9,91,93,1,22
2022-04-02,73,71,4,99,17,53
2022-04-03,33,98,4,65,74,53
2022-04-04,16,93,53,89,0,68
2022-04-05,98,14,12,71,0,4
2022-04-06,47,62,6,62,36,30
2022-04-07,45,38,28,55,52,54
2022-04-08,83,36,57,21,25,21
2022-04-09,51,0,95,97,52,9
2022-04-10,1,19,78,51,49,7
2022-04-11,65,55,70,94,42,74
2022-04-12,91,100,32,94,21,33
2022-04-13,41,90,93,53,17,18
2022-04-14,70,75,20,57,0,88
2022-04-15,12,44,28,45,21,94
2022-04-16,41,19,11,94,40,94
2022-04-17,57,18,83,18,86,9
2022-04-18,98,35,58,58,51,42
2022-04-19,42,95,57,30,77,40
2022-04-20,80,34,96,9,31,66
2022-04-21,95,2,52,72,37,50
2022-04-22,80,72,58,32,97,98
2022-04-23,8,88,32,11,43,78
2022-04-24,27,84,80,53,61,96
2022-04-25,29,25,52,72,14,58
2022-04-26,46,38,47,14,100,73
2022-04-27,92,9,79,15,67,70
2022-04-28,89,58,43,48,86,18
2022-04-29,48,69,9,31,41,29
2022-04-30,18,17,99,33,81,31
2022-05-01,89,68,66,45,65,40
2022-05-02,73,3,96,65,18,84
2022-05-03,24,95,81,39,77,28
2022-05-04,54,14,86,0,94,43
2022-05-05,43,93,1,87,65,22
2022-05-06,37,21,25,40,37,73
2022-05-07,2,61,62,15,53,34
2022-05-08,91,97,1,4,29,17
2022-05-09,84,19,15,86,60,59
2022-05-10,65,57,47,48,33,98
2022-05-11,33,57,50,93,54,79
2022-05-12,65,65,45,17,30,88
2022-05-13,26,23,20,9,52,90
2022-05-14,32,58,36,71,86,15
2022-05-15,87,56,76,55,48,20
2022-05-16,44,86,92,93,74,20
2022-05-17,96,68,40,63,94,18
2022-05-18,15,63,4,54,45,49
2022-05-19,91,5,75,38,86,51
2022-05-20,89,96,53,93,23,56
2022-05-21,31,31,56,30,21,94
2022-05-22,5,39,41,12,30,66
2022-05-23,95,0,28,75,69,52
2022-05-24,78,75,54,14,58,0
2022-05-25,85,38,47,76,100,17
2022-05-26,33,68,76,61,66,87
2022-05-27,80,61,53,17,31,52
2022-05-28,100,69,12,98,7,71
2022-05-29,91,53,82,32,42,25
2022-05-30,40,67,24,10,64,1
2022-05-31,46,84,62,49,36,63
2022-06-01,62,60,64,57,56,37
2022-06-02,48,2,51,53,5,48
2022-06-03,74,76,65,84,14,22
2022-06-04,52,37,79,99,92,95
2022-06-05,34,18,43,71,88,94
2022-06-06,42,96,16,31,25,77
2022-06-07,43,52,3,71,44,3
2022-06-08,10,38,75,62,70,95
2022-06-09,45,97,88,1,55,95
2022-06-10,25,44,20,9,93,35
2022-06-11,36,35,68,0,62,10
2022-06-12,74,25,29,99,11,41
2022-06-13,64,74,94,44,68,27
2022-06-14,64,9,81,53,58,63
2022-06-15,38,58,18,41,80,9
2022-06-16,35,2,66,38,54,1
2022-06-17,26,54,53,54,37,100
2022-06-18,83,91,27,15,70,90
2022-06-19,84,65,31,76,3,94
2022-06-20,37,69,85,5,57,45
2022-06-21,79,52,65,7,23,77
2022-06-22,81,84,53,86,75,15
2022-06-23,20,85,40,19,9,63
2022-06-24,42,56,12,87,92,49
2022-06-25,47,2,3,64,27,58
2022-06-26,38,10,29,71,61,76
2022-06-27,2,66,88,15,95,28
2022-06-28,34,44,9,18,30,87
2022-06-29,97,73,38,49,24,13
2022-06-30,29,61,78,87,80,99
2022-07-01,18,2,64,14,76,35
2022-07-02,18,10,93,27,19,91
2022-07-03,36,35,76,46,38,16
2022-07-04,42,11,65,47,11,17
2022-07-05,25,42,96,20,79,28
2022-07-06,40,64,20,37,70,4
2022-07-07,96,46,85,22,100,42
2022-07-08,1,97,59,36,74,27
2022-07-09,4,95,67,21,100,61
2022-07-10,22,99,17,77,29,20
2022-07-11,87,98,37,89,94,54
2022-07-12,51,70,64,100,24,41
2022-07-13,84,46,94,75,28,2
2022-07-14,77,36,58,9,65,62
2022-07-15,52,47,93,17,95,49
2022-07-16,30,53,79,95,98,71
2022-07-17,11,100,14,34,17,20
2022-07-18,18,5,30,81,57,87
2022-07-19,96,58,21,92,8,79
2022-07-20,49,99,96,19,81,26
2022-07-21,49,45,38,5,46,48
2022-07-22,68,25,88,60,84,82
2022-07-23,98,96,17,3,74,89
2022-07-24,97,50,32,86,83,13
2022-07-25,19,35,1,25,47,73
2022-07-26,87,80,46,100,83,0
2022-07-27,30,10,88,60,85,89
2022-07-28,30,96,22,26,35,1
2022-07-29,16,55,67,58,100,58
2022-07-30,88,15,84,49,44,8
2022-07-31,21,35,22,89,70,13
2022-08-01,52,85,33,66,60,78
2022-08-02,0,93,46,2,99,47
2022-08-03,86,20,47,33,25,16
2022-08-04,19,83,92,72,37,23
2022-08-05,61,10,48,77,9,41
2022-08-06,46,47,22,45,56,57
2022-08-07,13,24,87,66,85,5
2022-08-08,72,99,60,42,24,13
2022-08-09,7,32,52,79,11,99
2022-08-10,9,8,76,69,62,39
2022-08-11,49,81,82,96,14,81
2022-08-12,69,4,43,88,5,57
2022-08-13,16,43,46,23,31,38
2022-08-14,76,69,11,76,38,76
2022-08-15,64,8,61,95,52,94
2022-08-16,40,49,86,39,41,100
2022-08-17,7,36,8,89,6,57
2022-08-18,32,42,84,63,55,93
2022-08-19,85,57,46,70,40,87
2022-08-20,15,55,100,39,59,43
2022-08-21,49,77,79,31,60,21
2022-08-22,78,58,74,11,5,23
2022-08-23,25,50,8,51,44,63
2022-08-24,55,89,66,26,4,39
2022-08-25,29,24,22,83,59,42
2022-08-26,84,86,68,12,71,1
2022-08-27,71,9,28,34,28,62
2022-08-28,80,96,6,12,83,10
2022-08-29,14,73,33,46,72,53
2022-08-30,35,83,19,42,22,2
2022-08-31,75,6,4,65,57,52
2022-09-01,7,100,68,38,54,78
2022-09-02,19,55,98,62,52,52
2022-09-03,44,96,12,22,95,74
2022-09-04,51,84,35,49,41,88
2022-09-05,79,25,88,31,42,28
2022-09-06,28,54,28,77,79,51
2022-09-07,86,53,14,1,73,28
2022-09-08,54,4,77,25,39,37
2022-09-09,11,65,90,37,37,56
2022-09-10,85,40,94,38,38,19
2022-09-11,56,87,86,7,0,63
2022-09-12,66,85,35,48,59,32
2022-09-13,31,87,45,76,78,76
2022-09-14,86,45,21,80,96,61
2022-09-15,32,40,70,30,58,72
2022-09-16,17,21,36,6,84,61
2022-09-17,34,22,17,12,63,8
2022-09-18,100,5,45,49,84,75
2022-09-19,7,12,61,51,80,66
2022-09-20,57,69,14,28,31,95
2022-09-21,38,12,21,1,57,12
2022-09-22,73,21,22,59,1,76
2022-09-23,51,37,36,53,54,72
2022-09-24,10,9,10,24,68,83
2022-09-25,59,47,42,47,100,69
2022-09-26,3,48,45,70,4,27
2022-09-27,41,86,97,40,86,5
2022-09-28,39,39,40,53,45,67
2022-09-29,57,55,34,10,57,100
2022-09-30,31,86,24,62,7,13
2022-10-01,37,24,55,41,33,55
2022-10-02,46,85,29,68,83,71
2022-10-03,32,11,12,77,56,24
2022-10-04,66,25,50,31,28,59
2022-10-05,13,6,4,78,92,16
2022-10-06,82,5,41,73,34,28
2022-10-07,93,77,41,78,70,21
2022-10-08,10,9,10,35,97,33
2022-10-09,89,95,48,34,99,72
2022-10-10,60,70,70,55,46,77
2022-10-11,89,46,36,60,71,54
2022-10-12,24,21,68,98,4,95
2022-10-13,58,33,98,11,12,1
2022-10-14,37,45,6,58,90,97
2022-10-15,46,52,22,79,64,90
2022-10-16,25,68,97,93,20,1
2022-10-17,33,68,42,33,44,69
2022-10-18,60,92,43,68,51,12
2022-10-19,45,21,6,96,99,38
2022-10-20,21,8,76,18,3,25
2022-10-21,72,50,80,82,8,52
2022-10-22,31,93,65,59,54,12
2022-10-23,40,85,23,78,1,61
2022-10-24,79,96,61,83,57,89
2022-10-25,13,67,29,10,26,56
2022-10-26,42,2,24,77,81,61
2022-10-27,13,6,56,45,16,67
2022-10-28,2,14,13,28,8,78
2022-10-29,73,73,35,95,25,88
2022-10-30,57,74,37,34,75,38
2022-10-31,96,15,66,37,85,21
2022-11-01,88,0,94,94,82,21
2022-11-02,90,44,45,13,86,4
2022-11-03,95,6,15,1,72,85
2022-11-04,86,82,86,68,12,83
2022-11-05,45,7,36,48,80,72
2022-11-06,55,5,27,44,64,53
2022-11-07,78,8,96,14,53,25
2022-11-08,77,67,98,3,41,54
2022-11-09,21,68,84,99,57,6
2022-11-10,34,32,14,96,17,87
2022-11-11,93,51,98,26,84,78
2022-11-12,71,13,86,74,43,82
2022-11-13,89,14,29,9,95,28
2022-11-14,78,76,57,72,18,5
2022-11-15,83,36,40,46,43,6
2022-11-16,18,27,39,81,5,82
2022-11-17,78,5,97,56,76,19
2022-11-18,93,32,99,33,88,10
2022-11-19,86,25,57,3,77,99
2022-11-20,46,36,11,29,12,22
2022-11-21,63,32,32,72,75,87
2022-11-22,12,46,30,57,11,81
2022-11-23,67,93,76,6,32,27
2022-11-24,71,51,11,24,26,77
2022-11-25,62,14,55,95,16,33
2022-11-26,10,79,32,12,17,51
2022-11-27,56,74,91,97,69,83
2022-11-28,0,59,60,16,20,20
2022-11-29,3,73,72,17,93,62
2022-11-30,65,76,98,3,67,59
2022-12-01,75,73,82,53,27,86
2022-12-02,34,99,2,8,53,70
2022-12-03,0,47,36,10,65,63
2022-12-04,16,27,56,1,15,5
2022-12-05,29,10,79,47,59,66
2022-12-06,4,24,72,4,46,18
2022-12-07,98,88,11,42,55,55
2022-12-08,18,13,33,60,20,99
2022-12-09,96,14,62,44,21,100
2022-12-10,63,2,26,70,59,92
2022-12-11,88,4,6,11,61,90
2022-12-12,9,97,71,20,11,41
2022-12-13,99,23,98,0,7,34
2022-12-14,11,44,49,57,19,22
2022-12-15,48,11,94,95,89,68
2022-12-16,35,17,66,10,12,45
2022-12-17,71,45,59,3,16,16
2022-12-18,72,62,41,7,28,49
2022-12-19,69,12,17,77,53,22
2022-12-20,25,34,64,22,90,51
2022-12-21,66,41,11,32,6,3
2022-12-22,8,17,16,28,96,38
2022-12-23,26,58,52,76,8,59
2022-12-24,35,98,66,9,100,5
2022-12-25,2,3,56,13,52,93
2022-12-26,27,26,64,12,12,11
2022-12-27,52,59,37,76,96,77
2022-12-28,79,85,18,48,6,86
2022-12-29,48,24,61,65,55,74
2022-12-30,45,16,12,24,57,54
2022-12-31,41,98,61,1,26,81
